{
  "short-term_madness": {
    "01..20": "The character retreats into their mind and becomes paralysed. The effect ends if the character takes any damage.",
    "21..30": "The character becomes incapacitated and spends the duration screaming, laughing, or weeping.",
    "31..40": "The character becomes frightened and must use his or her action and movement each round to flee from the source of the fear.",
    "41..50": "The character begins babbling and is incapable of normal speech or spellcasting.",
    "51..60": "The character must use his or her action each round to attack the nearest creature.",
    "61..70": "The character experiences vivid hallucinations and has disadvantage on ability checks.",
    "71..75": "The character does whatever anyone tells them to do that isn't obviously self-destructive.",
    "76..80": "The character experiences an overpowering urge to eat something strange such as dirt, slime, or offal.",
    "81..90": "The character is stunned.",
    "91..100": "The character falls unconscious."
  },
  "long-term_madness": {
    "01..10": "The character feels compelled to repeat a specific activity over and over, such as washing hands, touching things, praying, or counting coins.",
    "11..20": "The character experiences vivid hallucinations and has disadvantage on ability checks.",
    "21..30": "The character suffers extreme paranoia. The character has disadvantage on Wisdom and Charisma checks.",
    "31..40": "The character regards something (usually the source of madness) as if affected by the antipathy effect of the antipathy/sympathy spell.",
    "41..45": "The character experiences a powerful delusion. Choose a potion. The character imagines that they are under its effects.",
    "46..55": "The character becomes attached to a \"lucky charm\", such as a person or an object, and has disadvantage on attack rolls, ability checks, or saving throws while more than 30 feet from it.",
    "56..65": "The character is blinded (25%) or deafened (75%) {{ roll raw:1d100 }}.",
    "66..75": "the character experiences uncontrollable tremors or tics, which impose disadvantage on attack rolls, ability checks, and saving throws that involve Strength or Dexterity.",
    "76..85": "The character suffers from partial amnesia. The character knows who they are and retains racial traits and class features, but doesn't recognise other people or remember anything that happened before the madness took effect.",
    "86..90": "Whenever the character takes damage, they must succeed on a DC 15 Wisdom saving throw or be affected as though they failed a saving throw against the confusion spell. The confusion effect lasts for 1 minute.",
    "91..95": "The character loses the ability to speak.",
    "96..100": "The character falls unconscious. No amount of jostling or damage can wake the character."
  },
  "indefinite_madness": {
    "01..15": "\"Being drunk keeps me sane.\"",
    "16..25": "\"I keep whatever I find.\"",
    "26..30": "\"I try to become more like someone else I know - adopting their style of dress, mannerisms, and name.\"",
    "31..35": "\"I must bend the truth, exaggerate, or outright lie to be interesting to other people.\"",
    "36..45": "\"Achieving my goal is the only thing of interest to me, and I'll ignore everything else to pursue it.\"",
    "46..50": "\"I find it hard to care about anything that goes on around me.\"",
    "51..55": "\"I don't like the way people judge me all the time.\"",
    "56..70": "\"I am the smartest, wisest, strongest, fastest, and most beautiful person I know.\"",
    "71..80": "\"I am convinced that powerful enemies are hunting me, and their agents are everywhere I go. I am sure they're watching me all the time.\"",
    "81..85": "\"There's only one person I can trust. And only I can see this special friend.\"",
    "86..95": "\"I can't take anything seriously. The more serious the situation, the funnier I find it.\"",
    "96..100": "\"I've discovered that I really like killing people.\""
  },
  "lingering_injuries": {
    "1": "Lose an Eye. You have disadvantage on Wisdom (Perception) checks that rely on sight and on ranged attack rolls. Magic such as the regenerate spell can restore the lost eye. If you have no eyes left are sustaining this injury, you're blinded.",
    "2": "Lose an Arm or a Hand. You can no longer hold anything with two hands, and you can hold only a single object at a time. Magic such as the regenerate spell can restore the lost appendage.",
    "3": "Lose a Foot or Leg. Your speed on foot is halved, and you must use a cane or crutch to move unless you have a peg leg or other prosthesis. You fall prone after using the Dash action. You have disadvantage on Dexterity checks made to balance. Magic such as the regenerate spell can restore the lost appendage.",
    "4": "Limp. Your speed on foot is reduced by 5 feet. You must make a DC 10 Dexterity saving throw after using the Dash action. If you fail the save, you fall prone. Magical healing removes the limp.",
    "5..7": "Internal Injury. Whenever you attempt an action in combat, you must make a DC 15 Constitution saving throw. On a failed save, you lose your action and can't use reactions until the start of your next turn. The injury heals if you receive magical healing or if you spend ten days doing nothing but resting.",
    "8..10":"Broken Ribs. Whenever you attempt an action in combat, you must make a DC 10 Constitution saving throw. On a failed save, you lose your action and can't use reactions until the start of your next turn. The injury heals if you receive magical healing or if you spend ten days doing nothing but resting.",
    "11..13":"Horrible Scar. You are disfigured to the extent that the wound can't be easily concealed. You have disadvantage on Charisma (Persuasion) checks and advantage on Charisma (Intimidation) checks. Magical healing of 6th level or higher, such as heal and regenerate, removes the scar.",
    "14..16":"Festering Wound. Your hit point maximum is reduced by 1 every 24 hours the wound persists. If your hit point maximum drops to 0, you die. The wound heals if you receive magical healing. Alternatively, someone can tend to the wound and make a DC 15 Wisdom (Medicine) check once every 24 hours. After ten successes, the wound heals.",
    "17..20":"Minor Scar. The scar doesn't have any adverse effect. Magical healing of 6th level or higher, such as heal and regenerate, removes the scar."
  },
  "system_shock": {
    "1":"The creature drops to 0 hit points.",
    "2..3":"The creature drops to 0 hit points but is stable.",
    "4..5":"The creature is stunned until the end of its next turn.",
    "6..7":"The creature can't take reactions and has disadvantage on attack rolls and ability checks until the end of its next turn.",
    "8..10":"The creature can't take reactions until the end of its next turn."
  }
}