{
  "starting_area": {
    "1": "Square, 20 x 20 ft.; passage on each wall",
    "2": "Square, 20 x 20 ft.; door on two walls, passage in third wall",
    "3": "Square, 40 x 40 ft.; doors on three walls",
    "4": "Rectangle, 80 x 20 ft., with row of pillars down the middle; two passages leading from each long wall, doors on each short wall",
    "5": "Rectangle, 20 x 40 ft.; passage on each wall",
    "6": "Circle, 40 ft. diameter; one passage at each cardinal direction",
    "7": "Circle, 40 ft. diameter; one passage in each cardinal direction; well in middle of room (might lead down to lower level)",
    "8": "Square, 20 x 20 ft.; door on two walls, passage on third wall, secret door on fourth wall",
    "9": "Passage, 10 ft. wide; T intersection",
    "10": "Passage, 10 ft. wide; four-way intersection"
  },
  "passage": {
    "1..2": "Continue straight 30 ft., no doors or side passages",
    "3": "Continue straight 20 ft., door to the right, then an additional 10 ft. ahead",
    "4": "Continue straight 20 ft., door to the left, then an additional 10 ft. ahead",
    "5": "Continue straight 20 ft., passage ends in a door",
    "6..7": "Continue straight 20 ft., side passage to the right, then an additional 10 ft. ahead",
    "8..9": "Continue straight 20 ft., side passage to the left, then an additional 10 ft. ahead",
    "10": "Continue straight 20 ft., comes to a dead end. 10% chance of a secret door ({{ roll raw:1d100 }} <= 10)",
    "11..12": "Continue straight 20 ft., then the passage turns left and continues 10 ft.",
    "13..14": "Continue straight 20 ft., then the passage turns right and continues 10 ft.",
    "15..19": "Chamber (roll on the Chamber table)",
    "20": "Stairs (roll on the Stairs table)"
  },
  "passage_width": {
    "1..2": "5 ft.",
    "3..12": "10 ft.",
    "13..14": "20 ft.",
    "15..16": "30 ft.",
    "17": "40 ft., with row of pillars down the middle",
    "18": "40 ft., with double row of pillars",
    "19": "40 ft. wide, 20 ft. high",
    "20": "40 ft. wide, 20 ft. high, gallery 10 ft. above floor allows access to level above"
  },
  "door_type": {
    "1..10": "Wooden",
    "11..12": "Wooden, barred or locked",
    "13": "Stone",
    "14": "Stone, barred or locked",
    "15": "Iron",
    "16": "Iron, barred or locked",
    "17": "Portcullis",
    "18": "Portcullis, locked in place",
    "19": "Secret door",
    "20": "Secret door, barred or locked"
  },
  "beyond_a_door": {
    "1..2": "Passage extending 10 ft., then T intersection extending 10 ft. to the right and left",
    "3..8": "Passage 20 ft. straight ahead",
    "9..18": "Chamber (roll on the Chamber table)",
    "19": "Stairs (roll on the Stairs table)",
    "20": "False door with trap"
  },
  "chambers": {
    "1..2": "Square, 20 x 20 ft. (Normal Chamber, {{ roll raw:normal chamber exits:1d20 }} exits)",
    "3..4": "Square, 30 x 30 ft. (Normal Chamber, {{ roll raw:normal chamber exits:1d20 }} exits)",
    "5..6": "Square, 40 x 40 ft. (Normal Chamber, {{ roll raw:normal chamber exits:1d20 }} exits)",
    "7..9": "Rectangle, 20 x 30 ft. (Normal Chamber, {{ roll raw:normal chamber exits:1d20 }} exits)",
    "10..12": "Rectangle, 30 x 40 ft. (Normal Chamber, {{ roll raw:normal chamber exits:1d20 }} exits)",
    "13..14": "Rectangle, 40 x 50 ft. (Large Chamber, {{ roll raw:large chamber exits:1d20 }} exits)",
    "15": "Rectangle, 50 x 80 ft. (Large Chamber, {{ roll raw:large chamber exits:1d20 }} exits)",
    "16": "Circle, 30 ft. diameter (Normal Chamber, {{ roll raw:normal chamber exits:1d20 }} exits)",
    "17": "Circle, 50 ft. diameter (Large Chamber, {{ roll raw:large chamber exits:1d20 }} exits)",
    "18": "Octagon, 40 x 40 ft. (Large Chamber, {{ roll raw:large chamber exits:1d20 }} exits)",
    "19": "Octagon, 60 x 60 ft. (Large Chamber, {{ roll raw:large chamber exits:1d20 }} exits)",
    "20": "Trapezoid, roughly 40 x 60 ft. (Large Chamber, {{ roll raw:large chamber exits:1d20 }} exits)"
  },
  "normal_chamber_exits": {
    "1..5": "0",
    "6..11": "1",
    "12..15": "2",
    "16..18": "3",
    "19..20": "4"
  },
  "large_chamber_exits": {
    "1..3": "0",
    "4..8": "1",
    "9..13": "2",
    "14..17": "3",
    "18": "4",
    "19": "5",
    "20": "6"
  },
  "exit_location": {
    "1..7": "Wall opposite entrance ({{ roll raw:exit type:1d20 }})",
    "8..12": "Wall left of entrance ({{ roll raw:exit type:1d20 }})",
    "13..17": "Wall right of entrance ({{ roll raw:exit type:1d20 }})",
    "18..20": "Same wall as entrance ({{ roll raw:exit type:1d20 }})"
  },
  "exit_type": {
    "1..10": "Door ({{ roll raw:door type:1d20 }})",
    "11..20": "Corridor, 10 ft. long"
  },
  "stairs": {
    "1..4": "Down one level to a chamber",
    "5..8": "Down one level to a passage 20 ft. long",
    "9": "Down two levels to a chamber",
    "10": "Down two levels to a passage 20 ft. long",
    "11": "Down three levels to a chamber",
    "12": "Down three levels to a passage 20 ft. long",
    "13": "Up one level to a chamber",
    "14": "Up one level to a passage 20 ft. long",
    "15": "Up to a dead end",
    "16": "Down to a dead end",
    "17": "Chimney up one level to a passage 20 ft. long",
    "18": "Chimney up two levels to a passage 20 ft. long",
    "19": "Shaft (with or without elevator) down one level to a chamber",
    "20": "Shaft (with or without elevator) up one level to a chamber and down one level to a chamber"
  },
  "temple_or_shrine_rooms": {
    "1..3": "Armoury filled with weapons and armour, battle banners, and pennants",
    "4..5": "Audience chamber where priests of the temple receive commoners and low-ranking visitors",
    "6..7": "Banquet room used for celebrations and holy days",
    "8..10": "Barracks for the temple's military arm or its hired guards",
    "11..14": "Cells where the faithful can sit in quiet contemplation",
    "15..24": "Central temple built to accomodate rituals",
    "25..28": "Chapel de3dicated to a lesser deity associated with the temple's major deity",
    "29..31": "Classroom used to train initiates and priests",
    "32..34": "Conjuring room, specially sanctified and used to summon extraplanar creatures",
    "35..40": "Crypt for a high priest or similar figure, hidden and heavily guarded by creatures and traps",
    "41..42": "Dining room (large) for the temple's servants and lesser priests",
    "43": "Dining room (small) for the temple's high priests",
    "44..46": "Divination room, inscribed with runes and stocked with soothsaying implements",
    "47..50": "Dormitory for lesser priests or students",
    "51..56": "Guardroom",
    "57": "Kennel for animals or monsters associated with the temple's deity",
    "58..60": "Kitchen (Might bear a disturbing resemblance to a torture chamber in an evil temple)",
    "61..65": "Library, well stocked with religious treatises",
    "66..68": "Prison for captured enemies (in good or neutral temples) or those designated as sacrifices (in evil temples)",
    "69..73": "Robing room containing ceremonial outfits and items",
    "74": "Stable for riding horses and mounts belonging to the temple, or for visiting messengers and caravans",
    "75..79": "Storage holding mundane supplies",
    "80": "Strong room or vault holding important relics and ceremonial items, heavily trapped",
    "81..82": "Torture chamber, used in inquisitions (in good or neutral temples with a lawful bent) or for the sheer joy of causing pain (evil temples)",
    "83..89": "Trophy room where art celebrating key figures and events from mythology is displayed",
    "90": "Latrine or bath",
    "91..94": "Well for drinking water, defensible in the case of attack or siege",
    "95..100": "Workshop for repairing or creating weapons, religious items, and tools"
  },
  "treasure_vault_rooms": {
    "1": "Antechamber for visiting dignitaries",
    "2": "Armoury containing mundane and magic gear used by the treasure vault's guards",
    "3..4": "Barracks for guards",
    "5": "Cistern providing fresh water",
    "6..9": "Guardroom to defend against intruders",
    "10": "Kennel for trained beasts used to guard the treasure vault",
    "11": "Kitchen for feeding guards",
    "12": "Watch room that allows guards to observe those who approach the dungeon",
    "13": "Prison for holding captured intruders",
    "14..15": "Strong room or vault, for guarding the treasure hidden in the dungeon, accessible only by locked or secret door",
    "16": "Torture chamber for extracting information from captured intruders",
    "17..20": "Trap or other trick designed to kill or capture creatures that enter the dungeon"
  },
  "general_dungeon_rooms": {
    "1": "Antechamber",
    "2..3": "Armoury",
    "4": "Audience Chamber",
    "5": "Aviary",
    "6..7": "Banquet room",
    "8..10": "Barracks",
    "11": "Bath or latrine",
    "12": "Bedroom",
    "13": "Bestiary",
    "14..16": "Cell",
    "17": "Chantry",
    "18": "Chapel",
    "19..20": "Cistern",
    "21": "Classroom",
    "22": "Closet",
    "23..24": "Conjuring room",
    "25..26": "Court",
    "27..29": "Crypt",
    "30..31": "Dining room",
    "32..33": "Divination room",
    "34": "Dormitory",
    "35": "Dressing room",
    "36": "Entry room or vestibule",
    "37..38": "Gallery",
    "39..40": "Game room",
    "41..43": "Guardroom",
    "44..45": "Hall",
    "46..47": "Hall, great",
    "48..49": "Hallway",
    "50": "Kennel",
    "51..52": "Kitchen",
    "53..54": "Laboratory",
    "55..57": "Library",
    "58..59": "Lounge",
    "60": "Meditation chamber",
    "61": "Observatory",
    "62": "Office",
    "63..64": "Pantry",
    "65..66": "Pen or prison",
    "67..68": "Reception room",
    "69..70": "Refectory",
    "71": "Robing room",
    "72": "Salon",
    "73..74": "Shrine",
    "75..78": "Smithy",
    "79": "Stable",
    "80..81": "Storage room",
    "82..83": "Strong room or vault",
    "84..85": "Study",
    "86..88": "Temple",
    "89..90": "Throne room",
    "91": "Torture chamber",
    "92..93": "Training or exercise room",
    "94..95": "Trophy room or museum",
    "96": "Waiting room",
    "97": "Nurery or schoolroom",
    "98": "Well",
    "99..100": "Workshop"
  },
  "dungeon_chamber_contents": {
    "1..8": "Monster (dominant inhabitant)",
    "9..15": "Monster (dominant inhabitant) with treasure",
    "16..27": "Monster (pet or allied creature)",
    "28..33": "Monster (pet or allied creature) guarding treasure",
    "34..42": "Monster (random creature)",
    "43..50": "Monster (random creature) with treasure",
    "51..58": "Dungeon Hazard with incidental treasure ({{ roll raw:dungeon hazard:1d20 }})",
    "59..63": "Obstacle ({{ roll raw:dungeon obstacle:1d20 }})",
    "64..73": "Trap",
    "74..76": "Trap protecting treasure",
    "77..80": "Trick ({{ roll raw:trick object:1d20 }})",
    "81..88": "Empty room",
    "89..94": "Empty room with dungeon hazard ({{ roll raw:dungeon hazard:1d20 }})",
    "95..00": "Empty room with treasure"
  },

  "monster_motivation": {
    "1..2": "Find a sanctuary",
    "3..5": "Conquer the dungeon",
    "6..8": "Seek an item in the dungeon",
    "9..11": "Slay a rival",
    "12..13": "Hide from enemies",
    "14..15": "Recover from a battle",
    "16..17": "Avoid danger",
    "18..20": "Seek wealth"
  },

  "dungeon_hazard": {
    "1..3": "Brown mold",
    "4..8": "Green slime",
    "9..10": "Shrieker",
    "11..15": "Spiderwebs",
    "16..17": "Violet Fungus",
    "18..20": "Yellow mold"
  },

  "dungeon obstacle": {
    "1": "Antilife aura with a radius of {{ roll raw:1d10 }} (1d1) x 10 ft.; while in the aura, living creatures can't regain hit points",
    "2": "Battering winds reduce speed by half, impose disadvantage on ranged attack rolls",
    "3": "*Blade Barrier* blocks passage",
    "4..8": "Cave-in",
    "9..12": "Chasm {{ roll raw:1d4 }} (1d4) x 10 ft. wide and {{ roll raw:2d6 }} (2d6) x 10 ft. deep, possibly connected to other levels of the dungeon",
    "13..14": "Flooding leaves {{ roll raw:2d10 }} (2d10) ft. of water in the area; create nearby upward-sloping passages, raised floors, or rising stairs to contain the water",
    "15": "Lava flows through the area (50% chance of a stone bridge crossing it, {{ roll raw:1d100 }} ≤ 50)",
    "16": "Overgrown mushrooms block progress and must be hacked down (25% chance of a mold or fungus dungeon hazard hidden among them, {{ roll raw:1d100 }} ≤ 25)",
    "17": "Poisonous gas (deals 1d6 poison damage per minute of exposure)",
    "18": "*Reverse gravity* effect causes creatures to fall toward the ceiling",
    "19": "*Wall of Fire* blocks passage",
    "20": "*Wall of Force* blocks passage"
  }
}